{"cameraMode":{"drawMode":0,"name":"Shaded","section":"Shading Mode"},"sceneLighting":true,"audioPlay":false,"sceneViewState":{"m_AlwaysRefresh":false,"showFog":true,"showSkybox":true,"showFlares":true,"showImageEffects":true,"showParticleSystems":true,"showVisualEffectGraphs":true,"m_FxEnabled":true},"in2DMode":false,"pivot":{"x":-3.785396099090576,"y":31.371997833251954,"z":-12.54127311706543},"rotation":{"x":0.07043381780385971,"y":0.014962458983063698,"z":-0.0010562631068751217,"w":0.9974055290222168},"size":23.464052200317384,"orthographic":false}